mean_fit_time,std_fit_time,mean_score_time,std_score_time,param_activation,param_alpha,param_hidden_layer_sizes,params,split0_test_score,split1_test_score,split2_test_score,split3_test_score,split4_test_score,split5_test_score,split6_test_score,split7_test_score,split8_test_score,split9_test_score,mean_test_score,std_test_score,rank_test_score
45.316300821304324,0.18965710948262776,0.003089618682861328,0.0010211415795036674,relu,0.001,"(50, 50)","{'activation': 'relu', 'alpha': 0.001, 'hidden_layer_sizes': (50, 50)}",-337589.7007890455,-321065.62855106476,-399631.14965197555,-338059.5465413856,-926002.9988657223,-378110.2915520884,-384523.9601937643,-329051.55203578173,-345417.4825430044,-339808.7386950122,-409926.1049418844,173784.60923033895,1
46.25125143527985,2.77208221215667,0.0026553869247436523,0.0005081007836023064,relu,0.01,"(50, 50)","{'activation': 'relu', 'alpha': 0.01, 'hidden_layer_sizes': (50, 50)}",-339303.5499334132,-315848.098650542,-408213.87395775,-335989.13093134965,-929389.4202202794,-369284.7158318764,-393510.4391767977,-329315.8498976743,-341610.3664437044,-345814.53865598043,-410827.9983699367,175025.24648595692,2
46.701046109199524,3.824932403352361,0.002567028999328613,0.00034312822953830454,relu,0.1,"(50, 50)","{'activation': 'relu', 'alpha': 0.1, 'hidden_layer_sizes': (50, 50)}",-354775.47552984837,-324862.41367944167,-420207.7495360682,-338018.7998581625,-926101.9786379862,-371163.41371023457,-386627.52998249413,-332295.65704286296,-346475.53993157996,-341784.76923092426,-414231.3327139603,172785.1414503579,3
46.47812697887421,3.7983814482051454,0.002936434745788574,0.0012207526426497846,relu,1.0,"(50, 50)","{'activation': 'relu', 'alpha': 1.0, 'hidden_layer_sizes': (50, 50)}",-356106.64608922316,-327141.21730792144,-401216.513128129,-340437.6285689703,-905297.9863577576,-420030.8711881041,-409743.1721703303,-335231.4209274931,-346902.54836532887,-351181.56665685086,-419328.9570760109,165005.41408452977,4
46.49545600414276,3.9976684326255394,0.003541302680969238,0.002271165926472298,relu,10,"(50, 50)","{'activation': 'relu', 'alpha': 10, 'hidden_layer_sizes': (50, 50)}",-473794.03812494077,-321911.80869388,-403702.8258599011,-338827.8808144573,-815897.4449334433,-439904.77799557894,-403821.34798872255,-329298.65967315674,-337058.06300228095,-339923.46790715255,-420414.0314993514,140811.56675625552,5
46.38415493965149,0.3451152581190092,0.003716111183166504,0.0012027897667489082,relu,0.0001,"(50, 50)","{'activation': 'relu', 'alpha': 0.0001, 'hidden_layer_sizes': (50, 50)}",-345660.4671958456,-316395.07615438185,-400727.49069262424,-334212.7853642405,-1029213.0099359468,-364744.3872276296,-403136.93048937403,-330607.2761348847,-348840.049726223,-343285.5110506415,-421682.2983971791,204299.01337567155,6
38.94924700260162,5.62525543770311,0.0019222021102905274,3.4591413734306514e-05,relu,10,"(50, 20, 20)","{'activation': 'relu', 'alpha': 10, 'hidden_layer_sizes': (50, 20, 20)}",-628560.4938874524,-347705.3959618621,-413015.8153930285,-337455.2735906487,-706859.0439637164,-384572.96744505956,-406331.30887054483,-336322.4459783329,-323649.5385243501,-351460.55158121133,-423593.2835196207,126558.40648945233,7
41.35890519618988,2.5814930096343924,0.0024979114532470703,0.0015605010606281411,relu,0.001,"(50, 20, 20)","{'activation': 'relu', 'alpha': 0.001, 'hidden_layer_sizes': (50, 20, 20)}",-450372.7193244644,-354650.71163733985,-415827.3320051114,-322230.86749469023,-849590.4239162931,-472330.4971125787,-377373.8612962683,-324747.67869843286,-341714.33518856764,-334949.5871481888,-424378.8013821935,150371.58331488247,8
33.21853139400482,0.19154838393845544,0.0016597509384155273,0.00012541602521686152,relu,0.001,"(50, 20)","{'activation': 'relu', 'alpha': 0.001, 'hidden_layer_sizes': (50, 20)}",-465991.5042252131,-339905.8692483734,-432776.865790694,-360959.9128657042,-632279.4368156706,-457660.6156138214,-461456.74472442875,-388756.17139688745,-389599.150804782,-358612.1544749052,-428799.842596048,80791.89013445815,9
34.07466688156128,2.6640028109725296,0.0019751071929931642,0.0009541380338991699,relu,0.1,"(50, 20)","{'activation': 'relu', 'alpha': 0.1, 'hidden_layer_sizes': (50, 20)}",-426044.5459372354,-351293.6627940444,-413853.92197388096,-355253.7180946619,-724080.4710751869,-475404.0750481349,-458837.7507492681,-359794.3009537823,-379102.88537794945,-354898.47669185343,-429856.3808695998,107048.53758396309,10
46.69068305492401,4.762672490208379,0.00298154354095459,0.0016182417138862503,relu,100,"(50, 50)","{'activation': 'relu', 'alpha': 100, 'hidden_layer_sizes': (50, 50)}",-476854.0391145054,-327670.39741236175,-396605.1339644401,-335709.2336441882,-763052.0802028114,-624903.1120403096,-404120.83855915203,-331306.7287797474,-343910.4497421696,-347299.7722389666,-435143.17856986524,139992.79756949897,11
34.366701102256776,3.4963479245262263,0.00258328914642334,0.002729720646315182,relu,100,"(50, 20)","{'activation': 'relu', 'alpha': 100, 'hidden_layer_sizes': (50, 20)}",-487161.90580799757,-342973.55238587694,-422959.2144201508,-338878.3057640682,-831163.977851842,-461420.0811883565,-421652.0743768381,-337336.1689703421,-365581.30525855906,-351288.8888426094,-436041.5474866641,141332.9608564573,12
40.520853877067566,4.852107241537624,0.0020311355590820314,0.00015897813784286537,relu,0.01,"(50, 20, 20)","{'activation': 'relu', 'alpha': 0.01, 'hidden_layer_sizes': (50, 20, 20)}",-472415.0524408206,-358913.2420878424,-399512.7615526402,-327986.2635299728,-958079.6765493536,-473144.58806543605,-398777.0102474118,-333044.66956544813,-336912.0726516829,-318347.2619242281,-437713.2598614836,181612.2798090002,13
33.88980641365051,2.1237716004827214,0.0015961885452270507,0.0001034857181479655,relu,0.01,"(50, 20)","{'activation': 'relu', 'alpha': 0.01, 'hidden_layer_sizes': (50, 20)}",-444311.7750480676,-363182.0181329394,-428412.32270075975,-356270.6790181238,-780737.6457186101,-463651.2786620841,-430801.1036949261,-373110.62817450915,-401783.7713859597,-353417.08937424165,-439567.8311910221,119682.92024814468,14
33.83040959835053,0.254969805556081,0.002168726921081543,0.00018487749146316133,relu,0.0001,"(50, 20)","{'activation': 'relu', 'alpha': 0.0001, 'hidden_layer_sizes': (50, 20)}",-439777.45717614633,-349152.75347252836,-432429.41117276193,-357468.22450886515,-781905.1981758167,-492783.3262783169,-460196.43155477167,-357791.6066933718,-418984.15331778245,-382377.20478677406,-447286.5767137135,120500.85049326456,15
34.04505145549774,2.8064638957213868,0.0018769502639770508,0.0008367761776373019,relu,1.0,"(50, 20)","{'activation': 'relu', 'alpha': 1.0, 'hidden_layer_sizes': (50, 20)}",-452605.0868429906,-339169.3523173373,-429180.05819671066,-346974.5795280208,-952153.2251377848,-449318.92913125403,-439912.7728772557,-358361.59674877697,-365582.7459154161,-375295.9889944573,-450855.43356900045,172248.43832098824,16
29.254974579811098,1.6694594549560944,0.0013298273086547851,0.00031090537911147793,relu,0.01,"(10, 50)","{'activation': 'relu', 'alpha': 0.01, 'hidden_layer_sizes': (10, 50)}",-427766.58440245694,-363565.4701605117,-457949.87843706436,-374820.7122925174,-714705.1508899633,-656666.5736082627,-475289.29099649744,-344379.53720391385,-381709.2948192271,-394903.0719983357,-459175.55648087506,120462.80839415465,17
29.19990520477295,0.2907847304412131,0.0017886638641357421,0.0009226293439099281,relu,0.0001,"(10, 50)","{'activation': 'relu', 'alpha': 0.0001, 'hidden_layer_sizes': (10, 50)}",-423953.0848025914,-364425.7755992656,-445774.202760772,-363370.0673150782,-857303.752155207,-589600.0167166276,-477303.34457098786,-365584.1247503904,-395524.4466487169,-379544.2275107003,-466238.3042830337,146312.94973733893,18
29.499310779571534,2.473247082535119,0.0011270999908447265,5.719263671947934e-06,relu,1.0,"(10, 50)","{'activation': 'relu', 'alpha': 1.0, 'hidden_layer_sizes': (10, 50)}",-443847.6582665542,-368364.00844661536,-460793.3291668289,-367185.05858385534,-788337.4745618891,-626645.0100980557,-485447.32611991285,-349825.22990450356,-397053.99975734635,-386889.1644125097,-467438.82593180717,132056.59040412036,19
33.91547257900238,2.804063445387597,0.0018609523773193359,0.0009108969711189963,relu,10,"(50, 20)","{'activation': 'relu', 'alpha': 10, 'hidden_layer_sizes': (50, 20)}",-452944.5690535665,-356881.14491103234,-414105.91862392623,-346820.6204051671,-1100933.932279714,-486864.6472042594,-450289.2094567632,-346643.81901160214,-360255.71288220724,-365353.3730378256,-468109.2946866063,216404.79530142836,20
29.36296639442444,2.2300917819943233,0.001383352279663086,0.0007506692149698048,relu,10,"(10, 50)","{'activation': 'relu', 'alpha': 10, 'hidden_layer_sizes': (10, 50)}",-450562.1608566322,-352384.8837435957,-460083.1481759656,-367224.9692986851,-786580.717086729,-708465.450866317,-462983.0903020346,-350956.73175237037,-380389.679982706,-390335.1413557131,-470996.59734207485,145102.86749989842,21
47.387943506240845,7.245040218115431,0.005165910720825196,0.002308704161344458,relu,0.0001,"(20, 50, 50)","{'activation': 'relu', 'alpha': 0.0001, 'hidden_layer_sizes': (20, 50, 50)}",-385120.48400438717,-344289.67753160023,-417614.95743563666,-346086.8489997057,-1369861.6999411033,-390662.8117639919,-421615.0589996816,-367890.53262507485,-356220.513248938,-368859.5162324083,-476822.2100782528,298768.9637405286,22
29.682240390777586,3.0944934396762793,0.0017439603805541992,0.001154849018492343,relu,100,"(10, 50)","{'activation': 'relu', 'alpha': 100, 'hidden_layer_sizes': (10, 50)}",-456415.6942032647,-357601.7777922401,-435068.5853475344,-348887.12841684866,-827459.8355895018,-789147.1602103336,-471680.8316342727,-341521.7974199427,-384416.5297031913,-369460.4248162926,-478165.9765133423,170767.16535018172,23
29.37588725090027,0.17592668239952955,0.001300477981567383,0.0004250789605942126,relu,0.001,"(10, 50)","{'activation': 'relu', 'alpha': 0.001, 'hidden_layer_sizes': (10, 50)}",-419341.9566511201,-361123.289639619,-459083.92650598125,-372406.65272812813,-893573.8690719702,-635978.673606404,-492407.27509103715,-346648.3550020147,-381391.6014750002,-429965.91107013955,-479192.15108414134,159798.208566497,24
29.33895649909973,1.8470064833656692,0.0012424230575561524,0.000357617862084585,relu,0.1,"(10, 50)","{'activation': 'relu', 'alpha': 0.1, 'hidden_layer_sizes': (10, 50)}",-438609.27779140096,-373980.3050787354,-450656.0144058883,-376078.90001048025,-906280.0565326307,-632728.514155982,-484975.5621211946,-361277.98032524186,-383052.8892106064,-387427.71406990517,-479506.7213702065,161783.90806635466,25
38.062011098861696,5.919880319357167,0.0022066593170166015,0.0007488143850176867,relu,0.1,"(50, 20, 20)","{'activation': 'relu', 'alpha': 0.1, 'hidden_layer_sizes': (50, 20, 20)}",-423357.99681484204,-336414.14118699695,-401274.86240513617,-340225.8219268148,-1585708.7842743082,-335034.9026726178,-369942.3040378785,-322018.3012692932,-358682.30805608816,-348515.62883914344,-482117.50514831196,369079.7577919614,26
33.430170917510985,2.7466076914919326,0.0017180442810058594,0.000909437392830893,relu,10,"(20, 50)","{'activation': 'relu', 'alpha': 10, 'hidden_layer_sizes': (20, 50)}",-382413.52053371264,-387334.28610557475,-437013.4738622606,-354332.4232710787,-1436496.9656367416,-388005.791382276,-464895.1609543808,-338811.2250243638,-357157.8435464377,-363137.47886770585,-490959.8169184533,317302.3654479123,27
29.238600969314575,2.9776631446116935,0.0012557029724121094,1.1202527680132617e-05,relu,100,"(50, 10)","{'activation': 'relu', 'alpha': 100, 'hidden_layer_sizes': (50, 10)}",-440357.93696090265,-422438.18371728365,-487902.2094927474,-380111.2502478972,-805459.0443430927,-527280.3109523444,-539721.9960532396,-409188.3430743076,-462862.8638527862,-467938.5606093409,-494326.0699303942,114040.29330647935,28
36.111994886398314,7.686927885174278,0.003413534164428711,0.0031825237462177434,relu,100,"(50, 20, 20)","{'activation': 'relu', 'alpha': 100, 'hidden_layer_sizes': (50, 20, 20)}",-457191.4685529041,-365121.4464742778,-406913.26407639246,-329894.83501880936,-1339083.2429897143,-617210.125444041,-398499.80237804673,-331217.01796939754,-348418.22833413596,-352324.5638775527,-494587.39951152727,293036.9763241592,29
33.84849886894226,3.501872299672871,0.0016875982284545899,0.0007649766801765102,relu,100,"(20, 50)","{'activation': 'relu', 'alpha': 100, 'hidden_layer_sizes': (20, 50)}",-374134.1569791786,-335979.2853329077,-455039.74556020927,-359544.36674431036,-1583017.389255078,-383945.1235293467,-431712.52956661466,-341635.75612729747,-376121.8029992856,-373437.49444834335,-501456.76505425724,362211.9104430842,30
48.14391827583313,9.276759430144944,0.0031123638153076174,0.00021695188880874197,relu,0.1,"(20, 50, 50)","{'activation': 'relu', 'alpha': 0.1, 'hidden_layer_sizes': (20, 50, 50)}",-386446.3723576,-389297.95926962513,-417739.3606947961,-346729.24595114007,-1679553.4827252843,-394697.0893110015,-429205.75001187506,-343212.34382022655,-357656.1771007527,-369772.44143349846,-511431.0222675799,390301.3860846284,31
29.602989506721496,2.295765425039818,0.0015750408172607421,0.000973945911813782,relu,1.0,"(50, 10)","{'activation': 'relu', 'alpha': 1.0, 'hidden_layer_sizes': (50, 10)}",-433383.3131089477,-405507.74345151207,-454949.9066842342,-410909.29590724694,-1158393.323891684,-515314.4519435824,-507193.81427691097,-417453.4718450863,-414799.3702701364,-401666.451514668,-511957.1142894009,218955.27485858952,32
33.37341411113739,2.686150205723177,0.0016975879669189453,0.0005514126300615469,relu,1.0,"(20, 50)","{'activation': 'relu', 'alpha': 1.0, 'hidden_layer_sizes': (20, 50)}",-364513.6570237376,-346606.02950484294,-433490.7042024808,-349151.78181330505,-1607445.1517759168,-523572.62163756957,-428720.71002642106,-347583.8727659925,-363684.4481872556,-355276.7947494952,-512004.5771687017,369114.1305141182,33
29.03101043701172,1.7956828649179633,0.0018241405487060547,0.0010983309035005528,relu,0.01,"(50, 10)","{'activation': 'relu', 'alpha': 0.01, 'hidden_layer_sizes': (50, 10)}",-443561.45828957885,-420928.956597403,-448004.83581462456,-432459.53194920724,-927737.7695776981,-503855.224953623,-507305.56310080003,-388215.2434574702,-490566.4238887057,-572544.2105115548,-513517.92181406653,146884.55633043192,34
29.066298270225523,2.1924847182133083,0.001275944709777832,6.705168502786376e-05,relu,10,"(50, 10)","{'activation': 'relu', 'alpha': 10, 'hidden_layer_sizes': (50, 10)}",-414600.1651507989,-399839.94148136734,-492463.5516231908,-427527.64360408427,-1135437.5287724072,-521858.234242956,-507607.1209765717,-409450.3125804523,-430560.37995512906,-433523.27133968525,-517286.81497266435,210095.84377962723,35
47.94607262611389,8.448752174543266,0.0049326419830322266,0.0042193510962671805,relu,0.001,"(20, 50, 50)","{'activation': 'relu', 'alpha': 0.001, 'hidden_layer_sizes': (20, 50, 50)}",-371183.04924471723,-336636.0256376997,-420900.54183014255,-340214.9602521245,-1808046.1871080534,-418542.9528332785,-423671.2402966798,-332611.6446703033,-366539.9483699755,-367913.54401492607,-518626.00942579005,431082.7916183486,36
23.99946208000183,2.5838294541781264,0.0008832931518554688,0.0004623493197426888,relu,100,"(10, 20)","{'activation': 'relu', 'alpha': 100, 'hidden_layer_sizes': (10, 20)}",-420395.166738185,-422392.2158027072,-530275.6125382312,-434347.1139712618,-1071985.9792040938,-540834.148714555,-503960.133911528,-401996.0998009556,-429113.89263598045,-444844.05128118285,-520014.4414598682,189764.03433054526,37
29.14620723724365,0.16774452197997358,0.001759171485900879,0.0008847919972203796,relu,0.001,"(50, 10)","{'activation': 'relu', 'alpha': 0.001, 'hidden_layer_sizes': (50, 10)}",-436857.36216561374,-422730.0797544673,-467829.53584764706,-538406.6321497846,-1002540.231417639,-506184.3172682657,-518060.32672182086,-419496.5708092807,-436358.7637098638,-454833.7661671759,-520329.7586011558,165474.0927510408,38
39.191228532791136,11.25005208619378,0.0033180952072143556,0.0009006074951424485,relu,100,"(20, 50, 50)","{'activation': 'relu', 'alpha': 100, 'hidden_layer_sizes': (20, 50, 50)}",-363700.21198860084,-363254.059358362,-423593.1030091479,-342177.35128368274,-1812368.8400769676,-403162.34035001777,-441834.30774122453,-352684.52989667054,-377548.5089934349,-356637.1615914798,-523696.0414289589,430665.75605229294,39
29.47523765563965,2.3205159664617887,0.0012537479400634766,6.743664347029799e-06,relu,0.1,"(50, 10)","{'activation': 'relu', 'alpha': 0.1, 'hidden_layer_sizes': (50, 10)}",-442903.4161586166,-382279.79137158947,-437551.9310754506,-441736.6762175668,-1191383.3272581482,-541485.954554701,-506964.17474942544,-389513.3983212274,-417157.3289216932,-523933.5880382395,-527490.9586666658,227217.60909674905,40
29.34366030693054,0.2064336405578309,0.0017149925231933593,0.00022460862002006144,relu,0.0001,"(50, 10)","{'activation': 'relu', 'alpha': 0.0001, 'hidden_layer_sizes': (50, 10)}",-442804.65584455617,-422555.1274008498,-431983.8716381882,-403827.5827315917,-1175755.0898116026,-490562.4646996619,-536604.6874592685,-405220.7702459433,-481697.4256522751,-484626.58364004275,-527563.8259123979,219812.42877284565,41
44.63454160690308,7.982843391487841,0.004070019721984864,0.0027386960620905954,relu,1.0,"(20, 50, 50)","{'activation': 'relu', 'alpha': 1.0, 'hidden_layer_sizes': (20, 50, 50)}",-371104.11923425354,-351708.8089224703,-424560.3085690435,-348239.4581771717,-1907213.2858971856,-425880.43249427504,-408047.96043545863,-355559.68827958487,-371120.89754296385,-381568.22883963503,-534500.3188392041,458379.88017801684,42
45.05913472175598,9.369133968088555,0.0036649703979492188,0.001161622965865806,relu,0.01,"(20, 50, 50)","{'activation': 'relu', 'alpha': 0.01, 'hidden_layer_sizes': (20, 50, 50)}",-371901.24159085704,-342687.8261174771,-422902.5682738855,-344793.9877633902,-1945041.0674338036,-400611.5933697652,-427284.96569111,-373092.3872867289,-367679.52451582684,-356401.1335317992,-535239.6295574644,470777.5610904206,43
38.16575021743775,9.946699946117542,0.0034902095794677734,0.0017106331947021826,relu,10,"(20, 50, 50)","{'activation': 'relu', 'alpha': 10, 'hidden_layer_sizes': (20, 50, 50)}",-341785.2518047054,-351330.9083308393,-417285.1481401708,-346085.7791694078,-1871003.7487123027,-639988.2611357714,-402782.3060558777,-340046.50982579874,-365007.3814002938,-354704.4359847511,-543001.9730559918,450864.97334145097,44
40.798109602928164,5.392713535544798,0.0029752254486083984,0.0019578398224781722,relu,1.0,"(50, 20, 20)","{'activation': 'relu', 'alpha': 1.0, 'hidden_layer_sizes': (50, 20, 20)}",-465173.87363367755,-366381.22282338474,-395253.8986861031,-331119.7530561486,-2188952.390960479,-338495.51331471145,-403556.27635774843,-325023.93833399675,-335104.6947181181,-338933.0262628326,-548799.4588147199,548310.1469336145,45
23.109805750846864,1.8435829639335446,0.0012626409530639648,0.0015324910126716332,relu,10,"(20, 10)","{'activation': 'relu', 'alpha': 10, 'hidden_layer_sizes': (20, 10)}",-432769.73120298254,-467601.4085615307,-542284.6329915974,-442508.47773331444,-1274685.291421901,-598128.1511762849,-553473.9699622714,-430128.1495211476,-548315.4117532639,-587166.0894318756,-587706.131375617,236892.26880420366,46
22.797838497161866,2.0524618756905126,0.0017388343811035156,0.002512300805700315,relu,100,"(20, 10)","{'activation': 'relu', 'alpha': 100, 'hidden_layer_sizes': (20, 10)}",-450311.6402089059,-509335.2031230552,-549178.1206963888,-458564.42213212885,-1212505.0773133049,-605971.2777745248,-575313.456588164,-498359.5478110128,-496180.08712578303,-537917.4790178635,-589363.6311791132,212803.52903461628,47
23.178289270401002,1.8412841654112617,0.0009142875671386719,0.0003585313796150312,relu,1.0,"(20, 10)","{'activation': 'relu', 'alpha': 1.0, 'hidden_layer_sizes': (20, 10)}",-430249.28661779646,-435174.3159880668,-565506.966249517,-467454.1866209452,-1419599.4292395888,-608876.2504650978,-590683.1612030019,-464282.86324958183,-455108.3021314504,-477909.5706482082,-591484.4332413255,282885.7469065554,48
41.99254696369171,1.925905578115972,0.002480936050415039,0.0006564428126964336,relu,0.0001,"(50, 20, 20)","{'activation': 'relu', 'alpha': 0.0001, 'hidden_layer_sizes': (50, 20, 20)}",-487768.0842804253,-360521.4981751123,-395250.85792345967,-329065.095399479,-2668706.158211248,-338604.6830964193,-382026.27361324435,-332450.484080247,-330418.2890132612,-324501.3988031961,-594931.2822596092,692860.6438673692,49
23.101944494247437,1.5652837638350536,0.0010159015655517578,0.000526182177220024,relu,0.1,"(20, 10)","{'activation': 'relu', 'alpha': 0.1, 'hidden_layer_sizes': (20, 10)}",-434617.080763358,-442085.24947395106,-562626.5591459002,-469810.47745156125,-1423148.6547245882,-614174.0584228156,-590073.5020926173,-463950.1627566992,-492643.0193417386,-494675.9511900892,-598780.4715363319,281001.9881798603,50
33.39358119964599,2.4408944483174806,0.0014242887496948241,5.4481691988973415e-05,relu,0.1,"(20, 50)","{'activation': 'relu', 'alpha': 0.1, 'hidden_layer_sizes': (20, 50)}",-386253.55352547875,-385156.007225885,-470624.96595765377,-371357.2015315082,-2382377.178320015,-421979.721068689,-476329.5329975347,-356239.90997501014,-378457.31095286953,-380609.48250261677,-600938.486405726,595091.4601480713,51
21.65270326137543,1.7917264397201516,0.0007187366485595703,0.0003452283111019969,relu,1.0,"(10, 10)","{'activation': 'relu', 'alpha': 1.0, 'hidden_layer_sizes': (10, 10)}",-478900.83441069524,-490915.53210842685,-632612.308258394,-496592.4099788351,-931882.7362350475,-752112.8823777032,-624632.2677705915,-525545.4300965663,-548833.7113771277,-571851.5395189557,-605387.9652132343,134490.09472231907,52
23.399394702911376,2.0420729754180424,0.0007406234741210938,1.9311963775921803e-05,relu,1.0,"(10, 20)","{'activation': 'relu', 'alpha': 1.0, 'hidden_layer_sizes': (10, 20)}",-421404.54205497354,-447165.49091702874,-560251.7207994083,-464318.1252738019,-1658224.705063445,-617919.2005413858,-564440.1847421713,-427171.00147306436,-438778.0482615062,-476812.19417519786,-607648.5213301984,355966.56632082973,53
21.799900913238524,0.27635873241891845,0.0008897781372070312,6.019018572553783e-05,relu,0.0001,"(10, 10)","{'activation': 'relu', 'alpha': 0.0001, 'hidden_layer_sizes': (10, 10)}",-475528.78138844564,-465670.65512881044,-582204.4740133847,-507626.1150513922,-984114.8857749273,-790705.97119011,-635964.570424904,-518435.463729356,-551369.5089063226,-580726.8999561185,-609234.7325563772,153665.1826347089,54
21.28149116039276,0.2592488797860237,0.0005990266799926758,7.120896839217922e-06,relu,0.01,"(10, 10)","{'activation': 'relu', 'alpha': 0.01, 'hidden_layer_sizes': (10, 10)}",-467870.07340682147,-503838.22830093384,-583619.4104939571,-509762.639799919,-980447.1839862786,-843701.6120779184,-590299.7525291499,-501079.82048988267,-538671.9733433648,-577390.1047745092,-609668.0799202735,158891.14433985882,55
23.7030308008194,1.8852799629288959,0.001007413864135742,0.0005543153741756347,relu,10,"(10, 20)","{'activation': 'relu', 'alpha': 10, 'hidden_layer_sizes': (10, 20)}",-408327.3238702884,-428424.7690446122,-549844.2353637823,-465473.1961612848,-1610925.4313307982,-665795.072428325,-563594.2156430826,-427915.80063158134,-478541.4319221741,-508427.8265184382,-610726.9302914367,341469.4839637101,56
23.404294204711913,0.1462637856059403,0.0011229276657104491,0.0005165624544582241,relu,0.0001,"(20, 10)","{'activation': 'relu', 'alpha': 0.0001, 'hidden_layer_sizes': (20, 10)}",-430874.8502167288,-461954.4320142415,-627225.9256275245,-516010.4735373581,-1295004.777385012,-655180.2220627886,-587687.4205109825,-490006.97880911524,-511229.5245446512,-552499.1761987684,-612767.3780907171,237126.21421342908,57
21.424133825302125,1.272352354899397,0.0006018400192260743,4.283646115455552e-06,relu,0.1,"(10, 10)","{'activation': 'relu', 'alpha': 0.1, 'hidden_layer_sizes': (10, 10)}",-493737.980859031,-463503.79618661664,-632196.4622350228,-497627.16969725705,-958947.3305307004,-859074.3071847394,-629700.8036116593,-495678.83747301396,-536947.2281086026,-582270.5898764009,-614968.4505763045,158498.20290985046,58
33.314097023010255,2.024142726359938,0.001444387435913086,5.610864042550773e-05,relu,0.01,"(20, 50)","{'activation': 'relu', 'alpha': 0.01, 'hidden_layer_sizes': (20, 50)}",-393108.07798974327,-388791.8264611624,-474940.05606121017,-380669.29124444205,-2487229.519042026,-494672.51202268904,-452764.2091885701,-352996.5704633138,-389903.60290083603,-401498.9909795288,-621657.4656353521,623332.1752796487,59
21.79744393825531,0.16016167111005605,0.0006056547164916993,2.5701699760549884e-06,relu,0.001,"(10, 10)","{'activation': 'relu', 'alpha': 0.001, 'hidden_layer_sizes': (10, 10)}",-502025.78002826805,-503077.0187807717,-631683.003611265,-511284.38159728755,-1015165.6877678789,-834835.7920191304,-625590.521905869,-495053.09203957854,-546777.1696453019,-569663.1852091321,-623515.5632604483,162870.98771630702,60
23.698545026779176,1.4676303874073384,0.0008745670318603515,0.0004094713540907858,relu,0.1,"(10, 20)","{'activation': 'relu', 'alpha': 0.1, 'hidden_layer_sizes': (10, 20)}",-423565.2494292243,-450340.385593904,-561674.4400378807,-462835.7115654224,-1752892.5055387872,-643920.2403512321,-568206.8960188371,-431723.4465146508,-473572.8462069578,-486362.0499598593,-625509.3771216755,381656.67220804363,61
20.624373459815978,1.3888322555560126,0.000602102279663086,6.484108753422327e-06,relu,10,"(10, 10)","{'activation': 'relu', 'alpha': 10, 'hidden_layer_sizes': (10, 10)}",-452210.7433430879,-531862.3124284836,-668514.7318313479,-531669.3327891459,-1042677.9559806391,-738696.9811124932,-638136.5856372003,-528836.4655413273,-550964.2396953101,-574863.4167437596,-625843.2765102795,159350.12855044001,62
23.674900603294372,0.19554057040390627,0.000783228874206543,2.0823225374037064e-05,relu,0.001,"(20, 10)","{'activation': 'relu', 'alpha': 0.001, 'hidden_layer_sizes': (20, 10)}",-434679.98864280473,-440787.68529282254,-628915.9542707594,-517737.26531457755,-1304988.7808331875,-705816.7532386943,-615892.5529592473,-513845.82023108826,-545082.8921281068,-556443.5935313732,-626419.1286442662,239603.29405811246,63
25.479225158691406,2.6584134849092043,0.0014448165893554688,0.0007537150339215658,relu,100,"(20, 20)","{'activation': 'relu', 'alpha': 100, 'hidden_layer_sizes': (20, 20)}",-447601.7096211675,-368554.23655926605,-484270.3130328406,-439662.33107331046,-2134440.564893993,-500122.3258168007,-507916.45473037136,-422372.66860054753,-515399.1214245636,-487494.5366706172,-630783.4262423477,503065.2789282806,64
25.494775938987733,1.5531830739476016,0.001134800910949707,0.0006510888291223467,relu,0.01,"(20, 20)","{'activation': 'relu', 'alpha': 0.01, 'hidden_layer_sizes': (20, 20)}",-451254.6175562437,-389412.3307314772,-528703.8477731121,-401112.0485034528,-2124894.3909055535,-569548.9412047166,-520624.59918716026,-422015.16011979035,-444535.5166152006,-458110.55441782024,-631021.2007014528,500998.98334523785,65
23.42575569152832,1.4084894986346614,0.0007558107376098633,1.1882457644535175e-05,relu,0.01,"(20, 10)","{'activation': 'relu', 'alpha': 0.01, 'hidden_layer_sizes': (20, 10)}",-435038.78602292197,-449285.2530205597,-628149.9658964701,-517883.9041589885,-1412786.9454321477,-702716.5772013861,-617532.253997347,-516535.2443462787,-542841.0808319014,-495249.79274245014,-631801.9803650451,272035.98264256155,66
23.33679416179657,0.6991674685620514,0.0007307529449462891,5.2234893560902225e-06,relu,0.01,"(10, 20)","{'activation': 'relu', 'alpha': 0.01, 'hidden_layer_sizes': (10, 20)}",-419661.3988019976,-477703.29359939706,-554337.0825664735,-445802.31065065786,-1903099.0591777074,-663814.0525592681,-582677.0838210965,-430054.1624249576,-472777.0945557407,-491696.68049571995,-644162.2218653017,425802.0485695338,67
33.44669976234436,0.23572102903970837,0.0016138315200805663,0.00019046210963087813,relu,0.001,"(20, 50)","{'activation': 'relu', 'alpha': 0.001, 'hidden_layer_sizes': (20, 50)}",-369129.2721767464,-383116.31750554754,-470730.3115620033,-399088.0422081081,-2772845.5225779987,-448154.98757288867,-444054.39954901807,-369864.71206784504,-417333.11910261674,-427552.2970691412,-650186.8981391914,708302.9082139274,68
25.540423035621643,0.24186457376143705,0.0011865854263305663,0.00015607071948774606,relu,0.0001,"(20, 20)","{'activation': 'relu', 'alpha': 0.0001, 'hidden_layer_sizes': (20, 20)}",-425691.547094675,-392636.48220585263,-528106.6597827715,-396534.3986509332,-2503381.620312017,-472625.13386542496,-538977.4039825572,-421460.87523489515,-411631.1028079584,-431337.8882072312,-652238.3112144315,618973.1199111575,69
25.67207612991333,0.18330944052921755,0.001000046730041504,0.000108719878547594,relu,0.001,"(20, 20)","{'activation': 'relu', 'alpha': 0.001, 'hidden_layer_sizes': (20, 20)}",-445646.6024806742,-362097.4664043442,-503283.99755894585,-405865.5055885381,-2475761.949144835,-559427.488009658,-532253.2627314441,-398750.00868335634,-420560.9561401015,-450765.26014671754,-655441.2496888615,609624.2308372994,70
33.42495737075806,0.17859718619796733,0.0018067359924316406,0.00023812027389309148,relu,0.0001,"(20, 50)","{'activation': 'relu', 'alpha': 0.0001, 'hidden_layer_sizes': (20, 50)}",-381504.0876579799,-398126.83240648505,-477229.6887226361,-416012.1289781791,-2712028.6128025968,-466930.7537193578,-478084.00799022784,-379007.97208126524,-423293.73145284044,-436166.43869332696,-656838.4254504895,685948.3268956923,71
25.763790225982667,2.0660204022937907,0.00091552734375,6.1157967273619936e-06,relu,1.0,"(20, 20)","{'activation': 'relu', 'alpha': 1.0, 'hidden_layer_sizes': (20, 20)}",-438550.95363898535,-383430.43853862473,-509311.73115274403,-414709.7383482801,-2576398.649498064,-457389.8204587558,-535129.9011785599,-375226.8244436137,-417294.12830415386,-527900.7554764866,-663534.2941038269,639918.6728991095,72
23.692879843711854,0.22115860522134714,0.0007667303085327149,5.878074079103675e-05,relu,0.001,"(10, 20)","{'activation': 'relu', 'alpha': 0.001, 'hidden_layer_sizes': (10, 20)}",-436080.34020597534,-464059.3113254308,-573327.9853142272,-470504.90642964846,-2079486.8286963978,-643999.6005318558,-578225.3807931115,-446788.22766490385,-473313.82491846563,-496025.1563296149,-666181.1562209631,475463.544803688,73
25.629296755790712,1.495914022548269,0.001220846176147461,0.0006198558450416075,relu,0.1,"(20, 20)","{'activation': 'relu', 'alpha': 0.1, 'hidden_layer_sizes': (20, 20)}",-441130.69256978075,-389878.7515729174,-514823.278150956,-403874.08605975495,-2783611.3295139084,-450396.6337163092,-532433.6746866117,-395760.03339196026,-435018.7333004235,-435806.96247361496,-678273.4175436237,703195.5997305039,74
23.568736720085145,0.1397973731594723,0.001081538200378418,0.000514531466987425,relu,0.0001,"(10, 20)","{'activation': 'relu', 'alpha': 0.0001, 'hidden_layer_sizes': (10, 20)}",-443780.7744042519,-474556.108131275,-580876.7552131721,-464457.3076401234,-2081548.4394712932,-737129.8182026733,-596514.8574153336,-443505.6563172493,-485987.02784247143,-513687.3856087335,-682204.4130246576,474346.3183978416,75
40.49438536167145,3.9281279246027268,0.002083301544189453,0.000957614104014131,relu,100,"(50, 20, 10)","{'activation': 'relu', 'alpha': 100, 'hidden_layer_sizes': (50, 20, 10)}",-387966.7114435699,-345562.1938557819,-431199.4160750407,-358581.87076377874,-3463184.2068763757,-363393.0690251797,-411253.4299263537,-357409.8997414545,-352381.50840832037,-394264.9745576461,-686519.7280673502,925934.1290978492,76
21.342765474319457,1.9604391761945943,0.0006016254425048828,5.995836207263288e-06,relu,100,"(10, 10)","{'activation': 'relu', 'alpha': 100, 'hidden_layer_sizes': (10, 10)}",-502691.60696263774,-597980.5811837387,-706397.8946067092,-688460.4257603999,-1169577.889168983,-754967.3634193792,-820714.3077502414,-537691.3477838172,-562023.2991379754,-702020.4015009627,-704252.5117274844,182431.99274475494,77
25.86813168525696,2.2029750029874036,0.0012118816375732422,0.0005935049710389443,relu,10,"(20, 20)","{'activation': 'relu', 'alpha': 10, 'hidden_layer_sizes': (20, 20)}",-387240.38752098207,-346959.1942473042,-660123.4795399638,-530142.5714790887,-2607422.01396616,-602282.6839449768,-545043.3189615277,-519996.02409196715,-467236.08145197405,-388741.8568145167,-705518.7612018462,640927.0311367924,78
38.970775198936465,8.455069677600868,0.002126765251159668,0.0007795767449608931,relu,100,"(20, 20, 50)","{'activation': 'relu', 'alpha': 100, 'hidden_layer_sizes': (20, 20, 50)}",-465154.463665183,-374521.8795129759,-413085.95690865465,-345500.89616889425,-4062462.2615451277,-439772.21152100165,-441357.9808357318,-678533.135775424,-381535.14953210053,-370550.38799894945,-797247.4323464043,1092048.1433981096,79
40.24536759853363,2.5926402338672005,0.0022568464279174804,0.001262834136613811,relu,0.01,"(50, 20, 10)","{'activation': 'relu', 'alpha': 0.01, 'hidden_layer_sizes': (50, 20, 10)}",-382952.10378268827,-364281.62783791317,-476844.098296542,-361156.8754669217,-4610171.983484963,-469275.20054400223,-442720.67562972236,-343289.366663895,-368703.4082328749,-367678.79832633823,-818707.4138265862,1264643.5752983524,80
40.755848097801206,3.2900862179099493,0.0017541885375976563,3.87038179291379e-05,relu,1.0,"(50, 20, 10)","{'activation': 'relu', 'alpha': 1.0, 'hidden_layer_sizes': (50, 20, 10)}",-370434.20329391037,-359135.47246804263,-468275.2046289886,-343149.5572994974,-4894696.226806939,-368546.19977945345,-421051.2288372639,-339011.3278367712,-397446.92828052625,-376695.2191185741,-833844.1568349965,1354113.212191829,81
39.85875177383423,1.1875545657425934,0.0020631790161132813,0.0009170029168406131,relu,0.001,"(50, 20, 10)","{'activation': 'relu', 'alpha': 0.001, 'hidden_layer_sizes': (50, 20, 10)}",-379136.49168487685,-391679.0499482278,-446495.17760892975,-349922.18562519015,-4854490.938822241,-467733.1386092298,-423285.47128289606,-332866.40396803827,-356220.64322572376,-368146.85582417424,-836997.6356599528,1339797.09162904,82
40.79823203086853,3.167935774754516,0.0020303964614868165,0.0008087074309855225,relu,0.1,"(50, 20, 10)","{'activation': 'relu', 'alpha': 0.1, 'hidden_layer_sizes': (50, 20, 10)}",-382364.03332821233,-392227.7585465004,-452966.5419617053,-383424.4635657921,-4876030.930562389,-394928.59151200525,-424170.5186674864,-344078.135046906,-364702.6537313272,-363956.3421930659,-837884.996911539,1346371.1991958385,83
40.40711779594422,3.511949253120164,0.0024969816207885743,0.001641665462059752,relu,10,"(50, 20, 10)","{'activation': 'relu', 'alpha': 10, 'hidden_layer_sizes': (50, 20, 10)}",-374586.7412476961,-392553.46510985045,-445519.8505422188,-363089.31861026166,-4850172.055436822,-445363.23927213036,-416047.1573947974,-366361.5048091249,-367889.66106874845,-393935.1032858835,-841551.8096777534,1336525.413017836,84
40.80264015197754,0.14673243154284932,0.0025286436080932616,0.0018071884133808278,relu,0.0001,"(50, 20, 10)","{'activation': 'relu', 'alpha': 0.0001, 'hidden_layer_sizes': (50, 20, 10)}",-373394.45743871445,-371717.1086683789,-478651.528032425,-365775.0756355349,-5436560.815531068,-463020.74561147933,-410464.0990469148,-337328.36240486096,-366360.8018417061,-369132.52610066964,-897240.552031175,1513717.992571593,85
29.777772378921508,11.628852392635006,0.0016583681106567382,0.00013633140648773999,relu,100,"(10, 20, 50)","{'activation': 'relu', 'alpha': 100, 'hidden_layer_sizes': (10, 20, 50)}",-639289.3289130911,-477247.7874967364,-590788.0914136817,-696066.8471231235,-3908222.5997162866,-948072.8025697927,-816536.4221644538,-497949.0746270847,-488765.49159038346,-432512.5763381536,-949545.102195279,998364.9974999838,86
18.576291632652282,2.347615356703381,0.002364444732666016,0.0021998465239401067,relu,0.01,"(10, 20, 50)","{'activation': 'relu', 'alpha': 0.01, 'hidden_layer_sizes': (10, 20, 50)}",-639187.8266756379,-704439.012917514,-820553.1296724435,-696464.0414858393,-3212606.840045868,-897578.1211373202,-789277.690963151,-677106.7518783328,-733796.5991055835,-748989.8603074071,-991999.9874189096,743632.3371697109,87
18.56140854358673,2.9012712207440106,0.0017560958862304688,0.0002983562363694869,relu,0.1,"(10, 20, 50)","{'activation': 'relu', 'alpha': 0.1, 'hidden_layer_sizes': (10, 20, 50)}",-639057.5167560504,-705526.5748912221,-819522.0836219743,-696862.1320897618,-3500474.1650609304,-897618.7071104487,-788894.164622497,-677292.8420171206,-731877.449401001,-749058.2718619494,-1020618.3907432957,829676.3076690708,88
19.016935324668886,1.9592989542819534,0.0017890453338623047,0.00017851199406894187,relu,0.001,"(10, 20, 50)","{'activation': 'relu', 'alpha': 0.001, 'hidden_layer_sizes': (10, 20, 50)}",-639247.4517546786,-704677.0908440951,-820754.4131906264,-696841.2726255403,-3500790.105499602,-898055.9670084734,-788634.2921563247,-677095.6593654747,-731865.1685673896,-749063.1426279247,-1020702.4563640129,829774.5661691512,89
18.574357795715333,2.932965321881808,0.0018702268600463868,0.0006583543972030494,relu,1.0,"(10, 20, 50)","{'activation': 'relu', 'alpha': 1.0, 'hidden_layer_sizes': (10, 20, 50)}",-639189.728438695,-706608.5588661309,-820687.341153885,-696210.2548462765,-3501871.0478342543,-897124.1566319684,-788283.377902075,-676395.7805734648,-733998.8064232231,-749037.8542707354,-1020940.6906940708,830032.7183326451,90
19.372478795051574,2.0804207001827284,0.0018718242645263672,0.00022377285031449038,relu,0.0001,"(10, 20, 50)","{'activation': 'relu', 'alpha': 0.0001, 'hidden_layer_sizes': (10, 20, 50)}",-639239.0679881781,-704583.3355648388,-820502.6682019783,-699006.252838383,-3500481.070422715,-898753.5550095176,-789601.9358877953,-677452.9845432373,-731851.1583309469,-749106.2133824992,-1021057.824217009,829554.9111551918,91
19.363583707809447,2.4688851593092824,0.001964163780212402,0.0011006194729981278,relu,10,"(10, 20, 50)","{'activation': 'relu', 'alpha': 10, 'hidden_layer_sizes': (10, 20, 50)}",-638775.484337907,-718389.2893452859,-818999.5937828245,-696860.0767133605,-3817396.8225224577,-934261.4544236563,-807638.4018070839,-676318.7148347375,-729493.2806473015,-748574.68871683,-1058670.7807131447,923050.7917360443,92
27.643307852745057,12.201806992583599,0.002146601676940918,0.000782934329674694,relu,0.01,"(20, 20, 50)","{'activation': 'relu', 'alpha': 0.01, 'hidden_layer_sizes': (20, 20, 50)}",-638696.1979247282,-355776.13358777494,-425927.59697782825,-354416.9559415124,-4877206.490112773,-967016.750693337,-820446.5399063908,-687052.6985697036,-732381.5791803355,-759354.8608998136,-1061827.5803794195,1286359.1311732111,93
28.625693202018738,11.336951886548302,0.0028115272521972655,0.002010647769221772,relu,0.1,"(20, 20, 50)","{'activation': 'relu', 'alpha': 0.1, 'hidden_layer_sizes': (20, 20, 50)}",-636822.5892262126,-348216.76371883356,-457649.0149253001,-359112.7711544911,-4899760.9334860165,-957287.687055818,-820388.405321784,-676526.6908194486,-731392.0041253457,-759454.5286392475,-1064661.1388472498,1292155.4468053698,94
27.338258242607118,10.350674983808368,0.0022011041641235352,0.001254749530271561,relu,10,"(20, 20, 50)","{'activation': 'relu', 'alpha': 10, 'hidden_layer_sizes': (20, 20, 50)}",-638523.5857938867,-376771.09270996787,-464911.3967275886,-355185.6147556733,-4896624.332785141,-967304.8594099876,-820466.0449961942,-676464.5303595171,-737748.8372753031,-745308.6549975101,-1067930.8949810772,1289586.7542164756,95
27.60551393032074,9.933462333371606,0.001994466781616211,0.00020568226418784776,relu,0.001,"(20, 20, 50)","{'activation': 'relu', 'alpha': 0.001, 'hidden_layer_sizes': (20, 20, 50)}",-638823.0717526458,-403906.5101267851,-471504.46999590803,-354784.43256378337,-4878879.833031063,-966413.0092169822,-818097.5612597169,-676591.0751753476,-732299.784397236,-745244.5590951182,-1068654.4306614585,1282783.4962453535,96
26.254641222953797,9.847846957602993,0.002719259262084961,0.0015946037171866215,relu,1.0,"(20, 20, 50)","{'activation': 'relu', 'alpha': 1.0, 'hidden_layer_sizes': (20, 20, 50)}",-638671.0403862856,-453090.8284069721,-451187.57396800397,-366455.11919872323,-4844689.435012375,-974001.7726093957,-820395.4594233168,-687079.2740956917,-732270.4796245282,-759464.7698829441,-1072730.5752608236,1269699.6224475473,97
28.095573163032533,8.964052048255226,0.0030939579010009766,0.0013638742142398515,relu,0.0001,"(20, 20, 50)","{'activation': 'relu', 'alpha': 0.0001, 'hidden_layer_sizes': (20, 20, 50)}",-636841.1499466256,-713794.7173169351,-447544.8148139809,-331116.9092813183,-4922229.660564276,-967425.2326680934,-815635.767556795,-675596.8347807841,-731232.8659943194,-745100.4530863226,-1098651.840600945,1285708.7943691006,98
4.620562362670898,0.7024489725316627,0.0006115913391113281,3.3218100083979074e-05,identity,100,"(10, 20)","{'activation': 'identity', 'alpha': 100, 'hidden_layer_sizes': (10, 20)}",-1368250.6035316868,-1502878.4573103676,-1668383.9268426024,-1479313.8696981024,-1792489.142474721,-1533600.7034829976,-1481175.2034929553,-1439745.4626648254,-1463167.5073273098,-1514252.7401468968,-1524325.7616972465,115088.43819510212,99
4.717897224426269,0.9042538078507457,0.0013100385665893554,0.0014772720532696458,identity,10,"(10, 20)","{'activation': 'identity', 'alpha': 10, 'hidden_layer_sizes': (10, 20)}",-1368209.716524566,-1502898.7956969724,-1668392.2008709547,-1479287.6039813187,-1792670.4309228081,-1533622.9388731213,-1481127.5526617805,-1439735.6963734757,-1463172.6764348685,-1514237.3896968598,-1524335.5002036728,115140.45619932204,100
4.771860408782959,1.0209284624428623,0.0005978584289550781,9.368485067386403e-06,identity,1.0,"(10, 20)","{'activation': 'identity', 'alpha': 1.0, 'hidden_layer_sizes': (10, 20)}",-1368205.6282049192,-1502900.838448122,-1668393.0342352283,-1479284.9786580065,-1792688.593297262,-1533625.17490674,-1481122.78933849,-1439734.7232266148,-1463173.199871521,-1514235.8575635257,-1524336.4817750428,115145.6662171359,101
4.716374444961548,0.967986989368047,0.0006985664367675781,0.00031171547477828776,identity,0.1,"(10, 20)","{'activation': 'identity', 'alpha': 0.1, 'hidden_layer_sizes': (10, 20)}",-1368205.2193767927,-1502901.042812494,-1668393.1176313737,-1479284.7161382115,-1792690.4098707316,-1533625.3986353995,-1481122.3130238089,-1439734.6259468475,-1463173.2522806022,-1514235.7043794293,-1524336.5800095692,115146.18730126342,102
4.7090157747268675,0.9503175417926658,0.0005958080291748047,6.406320973655893e-06,identity,0.01,"(10, 20)","{'activation': 'identity', 'alpha': 0.01, 'hidden_layer_sizes': (10, 20)}",-1368205.1784940185,-1502901.063249824,-1668393.1259715855,-1479284.6898863579,-1792690.5915314392,-1533625.4210095187,-1481122.2653925174,-1439734.6162192202,-1463173.2575221641,-1514235.6890613122,-1524336.5898337956,115146.2394104997,103
4.906927466392517,1.0191702901934254,0.0007197856903076172,0.0003611090506584495,identity,0.001,"(10, 20)","{'activation': 'identity', 'alpha': 0.001, 'hidden_layer_sizes': (10, 20)}",-1368205.1744057417,-1502901.065293566,-1668393.1268056128,-1479284.687261174,-1792690.6096975436,-1533625.423246943,-1481122.2606293901,-1439734.615246461,-1463173.2580463272,-1514235.6875295031,-1524336.5908162263,115146.2446214315,104
4.65638165473938,0.8471951541457079,0.000709366798400879,0.0003231348150290151,identity,0.0001,"(10, 20)","{'activation': 'identity', 'alpha': 0.0001, 'hidden_layer_sizes': (10, 20)}",-1368205.1739969144,-1502901.0654979402,-1668393.1268890155,-1479284.6869986553,-1792690.6115141546,-1533625.4234706855,-1481122.260153077,-1439734.6151491853,-1463173.2580987434,-1514235.6873763227,-1524336.5909144694,115146.24514252479,105
4.453213477134705,0.5887921057394376,0.0016270160675048828,0.0008117572606858888,identity,100,"(50, 20)","{'activation': 'identity', 'alpha': 100, 'hidden_layer_sizes': (50, 20)}",-1369096.8533585966,-1502719.226917607,-1668959.6545278141,-1477454.9528653699,-1805320.5370508817,-1530371.4091381503,-1478722.4580594366,-1439890.844104451,-1463421.4211971518,-1513543.313751773,-1524950.0670971232,118196.41472938188,106
4.440216016769409,0.6098508068502448,0.0012696743011474609,0.00012101696824406078,identity,10,"(50, 20)","{'activation': 'identity', 'alpha': 10, 'hidden_layer_sizes': (50, 20)}",-1369036.9432879554,-1502755.0456627682,-1668976.185154016,-1477414.8948730482,-1805611.5989929491,-1530388.4898114922,-1478650.889454167,-1439877.5644085768,-1463428.8157087183,-1513523.273007849,-1524966.370036154,118279.95868398383,107
4.36054835319519,0.8195941718348849,0.001761150360107422,0.001021496358666842,identity,1.0,"(50, 20)","{'activation': 'identity', 'alpha': 1.0, 'hidden_layer_sizes': (50, 20)}",-1369030.9460329846,-1502758.6544801095,-1668977.8560393292,-1477410.8874097983,-1805640.7735401716,-1530390.218205483,-1478643.730101213,-1439876.2440066647,-1463429.5699680045,-1513521.27573889,-1524968.0155522646,118288.33182800183,108
4.436903285980224,0.6724521971277662,0.0019574880599975584,0.0020880197815245955,identity,0.1,"(50, 20)","{'activation': 'identity', 'alpha': 0.1, 'hidden_layer_sizes': (50, 20)}",-1369030.346245021,-1502759.0156324774,-1668978.0233070792,-1477410.4866470231,-1805643.6916802255,-1530390.3912489663,-1478643.0141412003,-1439876.1120425498,-1463429.6455426689,-1513521.0760803593,-1524968.180256757,118289.1693303715,109
4.429564833641052,0.612751782939514,0.0012306690216064454,7.702654534000403e-06,identity,0.01,"(50, 20)","{'activation': 'identity', 'alpha': 0.01, 'hidden_layer_sizes': (50, 20)}",-1369030.2862656005,-1502759.0517504218,-1668978.0400356473,-1477410.446570581,-1805643.983501086,-1530390.4085553563,-1478642.9425449518,-1439876.0988468993,-1463429.6531016235,-1513521.0561151898,-1524968.1967287357,118289.25308248858,110
4.384810256958008,0.5427439282361827,0.0012334346771240234,1.2906441351761773e-05,identity,0.001,"(50, 20)","{'activation': 'identity', 'alpha': 0.001, 'hidden_layer_sizes': (50, 20)}",-1369030.2802676517,-1502759.0553622434,-1668978.041708522,-1477410.4425629356,-1805644.0126832405,-1530390.4102860156,-1478642.9353853245,-1439876.097527342,-1463429.653857534,-1513521.05411868,-1524968.198375949,118289.26145771907,111
4.437034988403321,0.6575952624655361,0.0017081975936889648,0.0012308186412088751,identity,0.0001,"(50, 20)","{'activation': 'identity', 'alpha': 0.0001, 'hidden_layer_sizes': (50, 20)}",-1369030.2796678564,-1502759.0557234255,-1668978.0418758097,-1477410.4421621712,-1805644.0156014564,-1530390.4104590816,-1478642.934669362,-1439876.0973953863,-1463429.6539331253,-1513521.053919029,-1524968.1985406703,118289.2622952423,112
4.424525451660156,0.504071194055758,0.0006305217742919922,0.0003561767574721705,identity,100,"(10, 10)","{'activation': 'identity', 'alpha': 100, 'hidden_layer_sizes': (10, 10)}",-1368270.9571058005,-1501434.4864350175,-1668810.792011509,-1479332.5985871863,-1803811.2972566735,-1529226.9945167645,-1480864.3861430464,-1440014.6731509785,-1463503.6479418462,-1514674.4278518069,-1524994.426100063,117770.48244938672,113
4.5841501474380495,0.6033722547296135,0.0005135536193847656,6.522393324189267e-06,identity,10,"(10, 10)","{'activation': 'identity', 'alpha': 10, 'hidden_layer_sizes': (10, 10)}",-1368232.2228040192,-1501450.9531905104,-1668814.1386484003,-1479307.8008138062,-1803990.5448694306,-1529232.7286358455,-1480819.0671805667,-1440004.6410124155,-1463505.1103227949,-1514659.1465190863,-1525001.6353996876,117821.61846923784,114
4.4068317174911495,0.544125271695065,0.000571751594543457,0.00019545486043615832,identity,1.0,"(10, 10)","{'activation': 'identity', 'alpha': 1.0, 'hidden_layer_sizes': (10, 10)}",-1368228.350256716,-1501452.6065432422,-1668814.4776680055,-1479305.322895379,-1804008.489085081,-1529233.3074015563,-1480814.5363419056,-1440003.6405019895,-1463505.260954739,-1514657.6212600553,-1525002.3612908672,117826.7368964426,115
4.413148689270019,0.5452968439526762,0.0005208969116210938,2.4954761414426343e-05,identity,0.1,"(10, 10)","{'activation': 'identity', 'alpha': 0.1, 'hidden_layer_sizes': (10, 10)}",-1368227.96301083,-1501452.7719453727,-1668814.5116135823,-1479305.075122153,-1804010.2837014159,-1529233.365331728,-1480814.083268637,-1440003.5404780207,-1463505.276061929,-1514657.4687629335,-1525002.4339296604,117827.24878747,116
4.527992606163025,0.6020702929633668,0.0006591796875,0.0003053015732790973,identity,0.01,"(10, 10)","{'activation': 'identity', 'alpha': 0.01, 'hidden_layer_sizes': (10, 10)}",-1368227.9242863304,-1501452.7884862549,-1668814.5150085767,-1479305.0503450166,-1804010.463164998,-1529233.371125281,-1480814.0379614166,-1440003.5304758952,-1463505.277573088,-1514657.4535135091,-1525002.4411940365,117827.29997705598,117
4.415884256362915,0.5141853416642473,0.0005145549774169921,1.0714415289437563e-05,identity,0.001,"(10, 10)","{'activation': 'identity', 'alpha': 0.001, 'hidden_layer_sizes': (10, 10)}",-1368227.9204138813,-1501452.7901403494,-1668814.5153480798,-1479305.0478673046,-1804010.4811113754,-1529233.3717046417,-1480814.0334306955,-1440003.5294756854,-1463505.2777242078,-1514657.4519885695,-1525002.441920479,117827.3050960193,118
4.50534839630127,0.5270929727926634,0.0005095005035400391,4.7204470332201316e-06,identity,0.0001,"(10, 10)","{'activation': 'identity', 'alpha': 0.0001, 'hidden_layer_sizes': (10, 10)}",-1368227.920026636,-1501452.7903057595,-1668814.5153820303,-1479305.0476195337,-1804010.4829060142,-1529233.371762578,-1480814.0329776236,-1440003.5293756644,-1463505.2777393202,-1514657.4518360756,-1525002.4419931234,117827.30560791591,119
3.968684673309326,0.6981990547016292,0.0009846687316894531,5.575121651864632e-06,identity,100,"(50, 10)","{'activation': 'identity', 'alpha': 100, 'hidden_layer_sizes': (50, 10)}",-1369248.4947004316,-1501307.869209892,-1669230.8554260002,-1479289.0572209607,-1800872.7627198072,-1534793.576103833,-1476495.9814149777,-1442571.463425419,-1468351.6354928704,-1516657.7575745431,-1525881.9453288736,116761.0933272688,120
4.0243655920028685,0.614801037194909,0.000986170768737793,7.218257834270347e-06,identity,10,"(50, 10)","{'activation': 'identity', 'alpha': 10, 'hidden_layer_sizes': (50, 10)}",-1369193.9160418469,-1501335.8131936956,-1669244.8990701814,-1479255.2423314133,-1801123.668318422,-1534818.0915647335,-1476433.094715556,-1442559.2637053286,-1468361.6275917788,-1516643.424892458,-1525896.9041425413,116833.33895810122,121
4.101317644119263,0.7003292934405971,0.0010921716690063476,0.00024499103512813316,identity,1.0,"(50, 10)","{'activation': 'identity', 'alpha': 1.0, 'hidden_layer_sizes': (50, 10)}",-1369188.4581384982,-1501338.6246252523,-1669246.316537394,-1479251.8647717556,-1801148.8111499571,-1534820.563469741,-1476426.8080599126,-1442558.050573593,-1468362.6390425256,-1516641.9991714084,-1525898.4135540037,116840.5767296454,122
3.9526658773422243,0.5678815110867608,0.0012571334838867188,0.0006415823922609734,identity,0.1,"(50, 10)","{'activation': 'identity', 'alpha': 0.1, 'hidden_layer_sizes': (50, 10)}",-1369187.912347851,-1501338.905939189,-1669246.4584156068,-1479251.5270552568,-1801151.3259571304,-1534820.8108645945,-1476426.1794146134,-1442557.929329009,-1468362.7403066345,-1516641.8566749878,-1525898.5646304875,116841.30063939794,123
3.91703143119812,0.6105867098755592,0.001237177848815918,0.0005830442819521474,identity,0.01,"(50, 10)","{'activation': 'identity', 'alpha': 0.01, 'hidden_layer_sizes': (50, 10)}",-1369187.8577687836,-1501338.934072291,-1669246.472604743,-1479251.4932840017,-1801151.577443089,-1534820.8356061243,-1476426.1165502865,-1442557.9172052369,-1468362.750434236,-1516641.8424261028,-1525898.5797394896,116841.37303169936,124
4.133539199829102,0.7804369056921263,0.0009867191314697266,4.538978820385843e-06,identity,0.001,"(50, 10)","{'activation': 'identity', 'alpha': 0.001, 'hidden_layer_sizes': (50, 10)}",-1369187.8523108768,-1501338.9368856184,-1669246.4740236697,-1479251.4899068798,-1801151.6025917374,-1534820.8380802977,-1476426.1102638564,-1442557.9159928663,-1468362.751447008,-1516641.841001222,-1525898.5812504033,116841.38027094277,125
4.152012825012207,0.7813300684572327,0.0011184930801391602,0.0002940015290709266,identity,0.0001,"(50, 10)","{'activation': 'identity', 'alpha': 0.0001, 'hidden_layer_sizes': (50, 10)}",-1369187.8517650862,-1501338.9371669511,-1669246.4741655625,-1479251.4895691683,-1801151.605106602,-1534820.8383277152,-1476426.1096352132,-1442557.9158716297,-1468362.751548285,-1516641.840858734,-1525898.5814014946,116841.38099486702,126
4.802708077430725,0.6409763809066471,0.000823068618774414,0.0006106822302774357,identity,100,"(20, 10)","{'activation': 'identity', 'alpha': 100, 'hidden_layer_sizes': (20, 10)}",-1368005.593949431,-1502962.9310475702,-1667805.5658360433,-1481582.5380905292,-1805212.6142269368,-1532298.200974584,-1479731.4964758796,-1440424.7375830493,-1468199.6469983384,-1513529.2275610745,-1525975.2552743438,117700.6008472873,127
4.759963178634644,0.9069500127033814,0.0006179571151733399,6.067694287120665e-06,identity,10,"(20, 10)","{'activation': 'identity', 'alpha': 10, 'hidden_layer_sizes': (20, 10)}",-1367962.7562062517,-1502984.2771339128,-1667811.9492495435,-1481554.6395376893,-1805411.9441983975,-1532313.7471688201,-1479677.381633406,-1440413.4271506062,-1468211.0933467462,-1513515.252783759,-1525985.6468409132,117757.66723026361,128
4.7168968439102175,0.7605720628733557,0.0006209611892700195,9.749104497655877e-06,identity,1.0,"(20, 10)","{'activation': 'identity', 'alpha': 1.0, 'hidden_layer_sizes': (20, 10)}",-1367958.4720251225,-1502986.4223705716,-1667812.5941014665,-1481551.8520970813,-1805431.9119665644,-1532315.3153078705,-1479671.9704690962,-1440412.3000162703,-1468212.2474275671,-1513513.859345846,-1525986.6945127458,117763.38252811172,129
4.801952624320984,0.8966528966444502,0.0006253719329833984,2.155256481829369e-05,identity,0.1,"(20, 10)","{'activation': 'identity', 'alpha': 0.1, 'hidden_layer_sizes': (20, 10)}",-1367958.0436029495,-1502986.6370007594,-1667812.6586544067,-1481551.573376553,-1805433.9090988564,-1532315.4722423863,-1479671.4293557242,-1440412.1873419108,-1468212.3629309426,-1513513.7200432133,-1525986.7993647703,117763.95414656389,130
4.787257504463196,0.7848669194739393,0.0015667915344238282,0.002835471353756057,identity,0.01,"(20, 10)","{'activation': 'identity', 'alpha': 0.01, 'hidden_layer_sizes': (20, 10)}",-1367958.0007606915,-1502986.6584648434,-1667812.6651103783,-1481551.5455047349,-1805434.108815689,-1532315.4879370441,-1479671.3752444184,-1440412.1760748662,-1468212.3744822333,-1513513.7061133622,-1525986.8098508262,117764.01130930733,131
4.83413188457489,1.0132298940244537,0.0016775131225585938,0.002834987573812614,identity,0.001,"(20, 10)","{'activation': 'identity', 'alpha': 0.001, 'hidden_layer_sizes': (20, 10)}",-1367957.9964764656,-1502986.6606112628,-1667812.665755982,-1481551.5427175558,-1805434.1287874093,-1532315.489506522,-1479671.3698332878,-1440412.1749481657,-1468212.3756373723,-1513513.704720381,-1525986.8108994407,117764.01702559076,132
4.965863370895386,0.7916890093118668,0.0007412433624267578,0.0003651937312457747,identity,0.0001,"(20, 10)","{'activation': 'identity', 'alpha': 0.0001, 'hidden_layer_sizes': (20, 10)}",-1367957.9960480426,-1502986.6608259047,-1667812.6658205425,-1481551.5424388377,-1805434.1307845805,-1532315.4896634696,-1479671.3692921745,-1440412.1748354954,-1468212.375752886,-1513513.7045810828,-1525986.811004302,117764.01759721902,133
4.736979866027832,1.2084806890618087,0.000999784469604492,0.00042213843415416137,identity,100,"(10, 50)","{'activation': 'identity', 'alpha': 100, 'hidden_layer_sizes': (10, 50)}",-1370216.0440531923,-1502048.4533461286,-1670338.281615562,-1479208.429724503,-1794179.4982215078,-1534852.0976209298,-1483158.8849496248,-1443571.6312797007,-1468628.5404157243,-1514191.923264128,-1526039.3784491,114858.43793897632,134
4.6710731983184814,0.8116952603751214,0.0008074283599853515,0.00020761180480242844,identity,100,"(20, 20)","{'activation': 'identity', 'alpha': 100, 'hidden_layer_sizes': (20, 20)}",-1368307.4753837818,-1501994.3981109757,-1668005.6342658338,-1480910.9865801611,-1808886.3536235152,-1533000.4995831854,-1478093.0429631574,-1441285.4482269103,-1464388.037808026,-1515597.675342209,-1526046.9551887757,118781.88776379541,135
4.748576617240905,0.7261384821370226,0.0010375261306762695,0.0005381693895734885,identity,10,"(10, 50)","{'activation': 'identity', 'alpha': 10, 'hidden_layer_sizes': (10, 50)}",-1370168.7014779414,-1502076.7151040991,-1670342.698918246,-1479170.6760591783,-1794410.6555406817,-1534857.0180794273,-1483092.029383718,-1443562.8309054594,-1468640.2729869976,-1514172.8086266343,-1526049.4407082384,114923.1140083485,136
4.601837873458862,1.046541311127892,0.0008606195449829101,6.413459777832031e-06,identity,1.0,"(10, 50)","{'activation': 'identity', 'alpha': 1.0, 'hidden_layer_sizes': (10, 50)}",-1370163.9635593474,-1502079.559537612,-1670343.1510038683,-1479166.8991932159,-1794433.8383462692,-1534857.5223432654,-1483085.338519641,-1443561.9569441583,-1468641.4573862709,-1514170.902853363,-1526050.458968701,114929.59896022189,137
4.723103880882263,0.9899714248735939,0.0008620500564575195,1.3105238425157854e-05,identity,0.1,"(10, 50)","{'activation': 'identity', 'alpha': 0.1, 'hidden_layer_sizes': (10, 50)}",-1370163.4897309435,-1502079.8441642586,-1670343.196316536,-1479166.5214923979,-1794436.1572991048,-1534857.5728941956,-1483084.6693801726,-1443561.869608986,-1468641.5759379347,-1514170.7123330543,-1526050.5609157581,114930.24762925979,138
4.635512495040894,1.0825903765738967,0.000857090950012207,5.7689906663830274e-06,identity,0.01,"(10, 50)","{'activation': 'identity', 'alpha': 0.01, 'hidden_layer_sizes': (10, 50)}",-1370163.4423477375,-1502079.8726287566,-1670343.200848844,-1479166.4837221745,-1794436.3892011126,-1534857.5779505365,-1483084.6024656952,-1443561.8608760785,-1468641.5877942182,-1514170.693281594,-1526050.571111675,114930.31249790244,139
4.719944477081299,0.9599814312265254,0.0010349273681640625,0.0005340895983793252,identity,0.001,"(10, 50)","{'activation': 'identity', 'alpha': 0.001, 'hidden_layer_sizes': (10, 50)}",-1370163.4376094136,-1502079.875475225,-1670343.2013020855,-1479166.4799451504,-1794436.4123913816,-1534857.5784561832,-1483084.595774242,-1443561.860002794,-1468641.5889798582,-1514170.6913764533,-1526050.572131279,114930.3189847843,140
4.534937071800232,0.964525582782333,0.0010687828063964844,0.000389524999878645,identity,0.0001,"(10, 50)","{'activation': 'identity', 'alpha': 0.0001, 'hidden_layer_sizes': (10, 50)}",-1370163.4371355812,-1502079.875759872,-1670343.2013474097,-1479166.4795674484,-1794436.414710408,-1534857.5785067477,-1483084.595105097,-1443561.8599154656,-1468641.5890984219,-1514170.69118594,-1526050.5722332392,114930.31963347242,141
4.442960619926453,0.4796716884184495,0.0007431983947753906,2.3333323640494614e-05,identity,10,"(20, 20)","{'activation': 'identity', 'alpha': 10, 'hidden_layer_sizes': (20, 20)}",-1368262.6050555701,-1502021.4955740513,-1668012.37917861,-1480882.8530128885,-1809119.0391362442,-1533025.5103920326,-1478035.3821672907,-1441275.7640131935,-1464395.5610825904,-1515582.4671576577,-1526061.305677013,118847.49487332943,142
4.662757754325867,0.8507254085482534,0.001061701774597168,0.0006631031444618961,identity,1.0,"(20, 20)","{'activation': 'identity', 'alpha': 1.0, 'hidden_layer_sizes': (20, 20)}",-1368258.114571789,-1502024.2216158267,-1668013.061588799,-1480880.040407427,-1809142.3571752962,-1533028.029493526,-1478029.6138817794,-1441274.8004449229,-1464396.322880557,-1515580.9508180076,-1526062.7512877933,118854.06851917572,143
4.485674571990967,0.7141566060181785,0.0011201143264770509,0.001154265928083738,identity,0.1,"(20, 20)","{'activation': 'identity', 'alpha': 0.1, 'hidden_layer_sizes': (20, 20)}",-1368257.665488856,-1502024.4943835875,-1668013.1299092146,-1480879.7591544995,-1809144.6894750982,-1533028.281585102,-1478029.0370312056,-1441274.704136817,-1464396.3991553695,-1515580.799229018,-1526062.8959548767,118854.72601336536,144
4.554783344268799,0.5176572663591842,0.0007802724838256836,8.835125060070313e-05,identity,0.01,"(20, 20)","{'activation': 'identity', 'alpha': 0.01, 'hidden_layer_sizes': (20, 20)}",-1368257.6205802169,-1502024.521662,-1668013.13674205,-1480879.7310292828,-1809144.9227100383,-1533028.306796075,-1478028.9793459282,-1441274.6945064943,-1464396.4067838006,-1515580.7840705686,-1526062.9104226455,118854.79176408061,145
4.513802123069763,0.5474642468427033,0.0009129524230957031,0.0005030435947014155,identity,0.001,"(20, 20)","{'activation': 'identity', 'alpha': 0.001, 'hidden_layer_sizes': (20, 20)}",-1368257.6160893498,-1502024.5243898584,-1668013.137425342,-1480879.7282167615,-1809144.946033582,-1533028.3093171904,-1478028.9735773976,-1441274.6935434667,-1464396.4075466536,-1515580.7825547287,-1526062.9118694332,118854.7983391652,146
4.4532509565353395,0.7573834664007675,0.000744318962097168,1.6074947258549824e-05,identity,0.0001,"(20, 20)","{'activation': 'identity', 'alpha': 0.0001, 'hidden_layer_sizes': (20, 20)}",-1368257.6156402633,-1502024.5246626441,-1668013.1374936714,-1480879.72793551,-1809144.948365937,-1533028.3095693025,-1478028.973000545,-1441274.6934471636,-1464396.4076229392,-1515580.782403145,-1526062.912014112,118854.79899667374,147
3.491716408729553,0.6973906877777886,0.00136873722076416,2.886114756080281e-05,identity,100,"(50, 20, 10)","{'activation': 'identity', 'alpha': 100, 'hidden_layer_sizes': (50, 20, 10)}",-1376257.1837434538,-1502813.987741984,-1669619.6749987383,-1477983.3434904648,-1795610.444841243,-1532365.5214702196,-1489908.7099854134,-1440996.248145148,-1466063.7058878199,-1514759.8210794309,-1526637.8641383918,114396.62393481955,148
3.900402545928955,0.9081391224551153,0.001381826400756836,5.46160713356404e-06,identity,10,"(50, 20, 10)","{'activation': 'identity', 'alpha': 10, 'hidden_layer_sizes': (50, 20, 10)}",-1376247.4244493733,-1502822.3315844557,-1669623.6856205764,-1477974.8681905018,-1795659.47432631,-1532370.250489615,-1489893.918750559,-1440993.869357859,-1466064.19566653,-1514757.865661234,-1526640.7884097013,114410.79416589063,149
3.7793750524520875,0.6741685143076925,0.001534438133239746,0.000330364907811152,identity,1.0,"(50, 20, 10)","{'activation': 'identity', 'alpha': 1.0, 'hidden_layer_sizes': (50, 20, 10)}",-1376246.4076710446,-1502823.167339223,-1669624.086971593,-1477974.0208666313,-1795664.3856109101,-1532370.5787966012,-1489892.4400232302,-1440993.6353603466,-1466064.2468159497,-1514757.6692257212,-1526641.063868125,114412.21742355217,150
3.869192051887512,0.9311996002649847,0.0019121408462524415,0.001071269805530928,identity,0.1,"(50, 20, 10)","{'activation': 'identity', 'alpha': 0.1, 'hidden_layer_sizes': (50, 20, 10)}",-1376246.286285021,-1502823.2509275826,-1669624.1271127868,-1477973.9361354336,-1795664.8767950414,-1532370.6280021516,-1489892.2922637626,-1440993.6120094145,-1466064.251955387,-1514757.6495697282,-1526641.0911056309,114412.36242741968,151
3.7771020412445067,0.9041170072275846,0.0013981342315673828,4.9994141879391695e-05,identity,0.01,"(50, 20, 10)","{'activation': 'identity', 'alpha': 0.01, 'hidden_layer_sizes': (50, 20, 10)}",-1376246.2737345386,-1502823.2592865464,-1669624.1311269708,-1477973.9276623246,-1795664.9259139926,-1532370.6329242971,-1489892.277488958,-1440993.6096748158,-1466064.2524695774,-1514757.6476040005,-1526641.0937886022,114412.3769820058,152
3.8090822219848635,0.6568893040350205,0.0014173746109008788,0.00010707210627795853,identity,0.001,"(50, 20, 10)","{'activation': 'identity', 'alpha': 0.001, 'hidden_layer_sizes': (50, 20, 10)}",-1376246.2724768776,-1502823.2601224445,-1669624.1315283899,-1477973.9268150134,-1795664.9308258933,-1532370.633416527,-1489892.2760114893,-1440993.6094413602,-1466064.252520999,-1514757.647407426,-1526641.0940566421,114412.37843780854,153
3.71160306930542,0.9352655616276969,0.0017037630081176759,0.0009269530906868456,identity,0.0001,"(50, 20, 10)","{'activation': 'identity', 'alpha': 0.0001, 'hidden_layer_sizes': (50, 20, 10)}",-1376246.272351087,-1502823.260206034,-1669624.1315685317,-1477973.9267302826,-1795664.9313170833,-1532370.6334657508,-1489892.2758637427,-1440993.6094180148,-1466064.2525261408,-1514757.647387769,-1526641.0940834437,114412.378583392,154
5.314626288414002,0.9086852996599906,0.00474858283996582,0.0037848361573948096,identity,100,"(50, 50)","{'activation': 'identity', 'alpha': 100, 'hidden_layer_sizes': (50, 50)}",-1369366.0934329643,-1501554.374334794,-1668957.08029515,-1477876.5682971233,-1799463.6392123897,-1544489.3351546566,-1489149.0161817651,-1440628.8802878333,-1464164.668870578,-1514839.3037576715,-1527048.8959824925,116443.96457081565,155
5.358300089836121,1.3932565230492622,0.0020498037338256836,0.00015857668494476663,identity,10,"(50, 50)","{'activation': 'identity', 'alpha': 10, 'hidden_layer_sizes': (50, 50)}",-1369301.484381022,-1501597.5239615382,-1668972.4468535064,-1477826.0736868153,-1799780.8467951901,-1544626.6897836474,-1489066.7105610734,-1440609.5519639733,-1464170.896053322,-1514808.5540991703,-1527076.0778139257,116536.15860326367,156
5.311140465736389,0.957121943244147,0.002658224105834961,0.0014479879558958327,identity,1.0,"(50, 50)","{'activation': 'identity', 'alpha': 1.0, 'hidden_layer_sizes': (50, 50)}",-1369295.0095879936,-1501601.8858459971,-1668974.0109470594,-1477821.0196208237,-1799812.723362743,-1544640.5685159233,-1489058.4841994045,-1440607.6277714532,-1464171.5401446123,-1514805.4907703758,-1527078.8360766384,116545.42104155259,157
5.300948548316955,1.0188136316946788,0.0033786535263061524,0.002165843077876867,identity,0.1,"(50, 50)","{'activation': 'identity', 'alpha': 0.1, 'hidden_layer_sizes': (50, 50)}",-1369294.3619698926,-1501602.322507167,-1668974.1676329195,-1477820.5141684387,-1799815.912584542,-1544641.9578507098,-1489057.6583923781,-1440607.435439538,-1464171.6047701281,-1514805.1845457137,-1527079.1119861428,116546.34782284583,158
5.399766373634338,1.400492625015815,0.002599358558654785,0.0012571475373824494,identity,0.01,"(50, 50)","{'activation': 'identity', 'alpha': 0.01, 'hidden_layer_sizes': (50, 50)}",-1369294.2972066945,-1501602.366178015,-1668974.1833042728,-1477820.4636227426,-1799816.2315223794,-1544642.0967988402,-1489057.5760025375,-1440607.4162072204,-1464171.6112348454,-1514805.1539243306,-1527079.139600188,116546.44049909146,159
5.283990812301636,0.8924197820756347,0.003050422668457031,0.0021036049630710142,identity,0.001,"(50, 50)","{'activation': 'identity', 'alpha': 0.001, 'hidden_layer_sizes': (50, 50)}",-1369294.2907303611,-1501602.3705451472,-1668974.1848714359,-1477820.458568168,-1799816.2634163196,-1544642.1106937998,-1489057.5677635558,-1440607.4142839974,-1464171.6118813385,-1514805.1508622034,-1527079.1423616325,116546.44976675931,160
5.198720645904541,0.8430762078852118,0.002057456970214844,0.00026728277816245264,identity,0.0001,"(50, 50)","{'activation': 'identity', 'alpha': 0.0001, 'hidden_layer_sizes': (50, 50)}",-1369294.2900827273,-1501602.3709818604,-1668974.1850281523,-1477820.4580627105,-1799816.2666057153,-1544642.1120832972,-1489057.5669396573,-1440607.414091675,-1464171.6119459884,-1514805.1505559906,-1527079.1426377776,116546.4506935266,161
4.6070239543914795,1.3109302995749508,0.0011105298995971679,5.7213052627939085e-05,identity,100,"(20, 50)","{'activation': 'identity', 'alpha': 100, 'hidden_layer_sizes': (20, 50)}",-1366810.8021072787,-1502401.5118696012,-1670530.2655847291,-1482947.5808982088,-1818399.0312762905,-1529781.7544068692,-1481255.898401463,-1440484.1574568956,-1464183.0654789102,-1518473.7998957124,-1527526.7867375962,121376.17280334509,162
4.708371520042419,1.0387766512028143,0.0013628005981445312,0.0006592356748558087,identity,10,"(20, 50)","{'activation': 'identity', 'alpha': 10, 'hidden_layer_sizes': (20, 50)}",-1366749.1472628121,-1502432.468350533,-1670547.0136715316,-1482910.578825237,-1818702.7455450953,-1529788.3586655809,-1481183.5354057585,-1440471.236743068,-1464192.5930464023,-1518445.3899944627,-1527542.3067510482,121463.2349164254,163
4.56639552116394,1.1845124910842253,0.0010959148406982423,7.981291180766173e-06,identity,1.0,"(20, 50)","{'activation': 'identity', 'alpha': 1.0, 'hidden_layer_sizes': (20, 50)}",-1366742.968151751,-1502435.591941863,-1670548.7047125811,-1482906.8807540461,-1818733.1984280301,-1529789.0340804558,-1481176.297177956,-1440469.9498628923,-1464193.560913277,-1518442.5528094135,-1527543.8738832267,121471.96383854348,164
4.691330552101135,1.2803119599038923,0.0024274587631225586,0.0023715033584923956,identity,0.1,"(20, 50)","{'activation': 'identity', 'alpha': 0.1, 'hidden_layer_sizes': (20, 50)}",-1366742.3501040612,-1502435.9045821717,-1670548.8739797221,-1482906.5109684754,-1818736.2445329376,-1529789.101772328,-1481175.5733362148,-1440469.8212274655,-1464193.6578520443,-1518442.2691293417,-1527544.0307484763,121472.83695836795,165
4.697584724426269,1.3255481281069734,0.0014664411544799804,0.0009289604282457121,identity,0.01,"(20, 50)","{'activation': 'identity', 'alpha': 0.01, 'hidden_layer_sizes': (20, 50)}",-1366742.2882979263,-1502435.935849016,-1670548.8909080676,-1482906.4739901342,-1818736.5491515966,-1529789.1085430188,-1481175.5009518508,-1440469.808364449,-1464193.6675474427,-1518442.240761719,-1527544.0464365222,121472.92427262707,166
4.442025876045227,0.9029722063232424,0.0013858795166015625,0.0007317061049806659,identity,0.001,"(20, 50)","{'activation': 'identity', 'alpha': 0.001, 'hidden_layer_sizes': (20, 50)}",-1366742.282117299,-1502435.9389757283,-1670548.8926009182,-1482906.4702923023,-1818736.579613544,-1529789.1092201031,-1481175.4937134124,-1440469.8070781527,-1464193.6685169977,-1518442.2379249611,-1527544.048005342,121472.93300407572,167
4.601044178009033,0.9943312557121008,0.0020177364349365234,0.002617369876943188,identity,0.0001,"(20, 50)","{'activation': 'identity', 'alpha': 0.0001, 'hidden_layer_sizes': (20, 50)}",-1366742.2814992361,-1502435.9392884006,-1670548.8927702035,-1482906.4699225193,-1818736.5826597398,-1529789.109287812,-1481175.4929895687,-1440469.8069495235,-1464193.6686139537,-1518442.237641285,-1527544.0481622242,121472.93387722081,168
4.472619104385376,0.8357534827407717,0.0024748802185058593,0.000273086709537065,identity,100,"(20, 50, 50)","{'activation': 'identity', 'alpha': 100, 'hidden_layer_sizes': (20, 50, 50)}",-1370100.1487061314,-1503790.9859095358,-1672853.2294331251,-1478740.4284353578,-1792248.5383911566,-1557004.7011728303,-1478167.314156994,-1440623.073549996,-1466188.6172272542,-1524368.4293678028,-1528408.5466350184,115562.17188075275,169
4.410828924179077,0.6822516083333426,0.004313063621520996,0.0031520633952060732,identity,10,"(20, 50, 50)","{'activation': 'identity', 'alpha': 10, 'hidden_layer_sizes': (20, 50, 50)}",-1370085.6315515472,-1503798.7578283057,-1672853.8532326627,-1478730.0384351753,-1792301.1047192966,-1557039.438423605,-1478155.8589126086,-1440618.7910793298,-1466192.3986640282,-1524373.858277577,-1528414.9731124137,115577.98201513536,170
4.393097281455994,0.6735255043042758,0.0025123119354248046,0.00027285235523742397,identity,1.0,"(20, 50, 50)","{'activation': 'identity', 'alpha': 1.0, 'hidden_layer_sizes': (20, 50, 50)}",-1370084.1789699062,-1503799.536760224,-1672853.9169038404,-1478728.9995206194,-1792306.3670162002,-1557042.9404978107,-1478154.713607317,-1440618.3628790458,-1466192.7778926478,-1524374.4027118704,-1528415.619675948,115579.56526393128,171
4.400609612464905,0.8056510088228411,0.0036409378051757814,0.002315741000576019,identity,0.1,"(20, 50, 50)","{'activation': 'identity', 'alpha': 0.1, 'hidden_layer_sizes': (20, 50, 50)}",-1370084.0337030215,-1503799.6146706792,-1672853.923283929,-1478728.895630544,-1792306.8932965458,-1557043.2906611958,-1478154.599082317,-1440618.3200594625,-1466192.8158263618,-1524374.4571706364,-1528415.6843384695,115579.72360154477,172
4.541540598869323,0.46462688562472554,0.0033551931381225588,0.002906001198909007,identity,0.01,"(20, 50, 50)","{'activation': 'identity', 'alpha': 0.01, 'hidden_layer_sizes': (20, 50, 50)}",-1370084.0191762454,-1503799.6224618973,-1672853.9239220675,-1478728.88524155,-1792306.9459250837,-1557043.325677111,-1478154.5876298721,-1440618.315777509,-1466192.8196198414,-1524374.462616666,-1528415.6908047842,115579.73943543319,173
4.416176295280456,0.700982122634307,0.002808809280395508,0.0012509657037347549,identity,0.001,"(20, 50, 50)","{'activation': 'identity', 'alpha': 0.001, 'hidden_layer_sizes': (20, 50, 50)}",-1370084.0177235669,-1503799.6232410206,-1672853.9239858824,-1478728.8842026507,-1792306.9511879436,-1557043.329178698,-1478154.586484628,-1440618.3153493132,-1466192.8199991907,-1524374.4631612704,-1528415.6914514164,115579.74101882354,174
4.445803761482239,0.5305245361534278,0.002577376365661621,0.00037841089138331723,identity,0.0001,"(20, 50, 50)","{'activation': 'identity', 'alpha': 0.0001, 'hidden_layer_sizes': (20, 50, 50)}",-1370084.0175782994,-1503799.623318933,-1672853.9239922639,-1478728.884098761,-1792306.9517142295,-1557043.3295288566,-1478154.5863701035,-1440618.3153064938,-1466192.8200371256,-1524374.4632157313,-1528415.6915160797,115579.74117716249,175
4.040765261650085,1.2174805716194197,0.001621413230895996,0.0010398515566011086,identity,100,"(10, 20, 50)","{'activation': 'identity', 'alpha': 100, 'hidden_layer_sizes': (10, 20, 50)}",-1377056.5103368808,-1506271.4567338359,-1675394.8146298805,-1479173.6492578739,-1792538.691499721,-1550848.7255240176,-1484017.526322819,-1441523.9448957958,-1463531.4945199585,-1520430.0516784568,-1529078.686539924,114665.82616291232,176
4.061613702774048,1.2778260614304877,0.001602005958557129,0.0009431776675379099,identity,10,"(10, 20, 50)","{'activation': 'identity', 'alpha': 10, 'hidden_layer_sizes': (10, 20, 50)}",-1377043.8271583016,-1506278.202697557,-1675397.523169439,-1479165.21559919,-1792584.7439857183,-1550880.5301431671,-1483998.4025658546,-1441520.3697090235,-1463532.716281162,-1520422.8022306752,-1529082.4333540087,114680.28122529305,177
4.155524659156799,1.6132436654005902,0.0012413740158081054,1.1256816501955686e-05,identity,1.0,"(10, 20, 50)","{'activation': 'identity', 'alpha': 1.0, 'hidden_layer_sizes': (10, 20, 50)}",-1377042.5585363228,-1506278.8787845683,-1675397.7954752722,-1479164.3698198346,-1792589.3643993353,-1550883.7184073722,-1483996.0010278125,-1441520.0126820724,-1463532.8394343543,-1520422.0776275462,-1529082.7616194491,114681.74987819929,178
4.2053111553192135,1.617628649835992,0.0012438535690307618,1.6197888751366424e-05,identity,0.1,"(10, 20, 50)","{'activation': 'identity', 'alpha': 0.1, 'hidden_layer_sizes': (10, 20, 50)}",-1377042.431671082,-1506278.9464081954,-1675397.8227148782,-1479164.285241091,-1792589.8264872304,-1550884.0373846495,-1483995.78281385,-1441519.9769843963,-1463532.8517594351,-1520422.0051706329,-1529082.7966635441,114681.89589568494,179
3.9592737674713137,1.1615752186193986,0.0016058683395385742,0.0008218688490995552,identity,0.01,"(10, 20, 50)","{'activation': 'identity', 'alpha': 0.01, 'hidden_layer_sizes': (10, 20, 50)}",-1377042.4189845275,-1506278.953170707,-1675397.8254389288,-1479164.276783209,-1792589.872696484,-1550884.069283662,-1483995.7636914493,-1441519.9734146788,-1463532.8529920406,-1520421.9979249754,-1529082.8004380665,114681.91039146543,180
4.117107772827149,1.1777431551346205,0.0012387752532958985,5.811547620930048e-06,identity,0.001,"(10, 20, 50)","{'activation': 'identity', 'alpha': 0.001, 'hidden_layer_sizes': (10, 20, 50)}",-1377042.4177158717,-1506278.9538469599,-1675397.8257113348,-1479164.2759374203,-1792589.877317414,-1550884.0724735756,-1483995.7617793733,-1441519.9730577078,-1463532.8531153023,-1520421.9972004096,-1529082.8008155369,114681.91184103844,181
4.1135578632354735,1.6818992365968966,0.001660609245300293,0.0009803938113397683,identity,0.0001,"(10, 20, 50)","{'activation': 'identity', 'alpha': 0.0001, 'hidden_layer_sizes': (10, 20, 50)}",-1377042.417589006,-1506278.9539145853,-1675397.8257385758,-1479164.2758528413,-1792589.877779508,-1550884.0727925673,-1483995.7615881665,-1441519.9730220102,-1463532.853127629,-1520421.9971279532,-1529082.8008532845,114681.91198599602,182
3.912906265258789,0.7683889088115016,0.0014432668685913086,0.00017384449730102307,identity,100,"(20, 20, 50)","{'activation': 'identity', 'alpha': 100, 'hidden_layer_sizes': (20, 20, 50)}",-1369497.2796491585,-1505691.3516322,-1669924.7264911626,-1490498.6429887516,-1800325.4059796976,-1547755.7338813946,-1477215.2462494369,-1449533.12996524,-1474978.6231562705,-1517337.7348613266,-1530275.787485464,115468.81951468575,183
3.952416253089905,0.8242995395496253,0.0014180421829223632,0.00011011113962304323,identity,10,"(20, 20, 50)","{'activation': 'identity', 'alpha': 10, 'hidden_layer_sizes': (20, 20, 50)}",-1369488.0819443555,-1505696.9903745921,-1669927.725337984,-1490494.555283991,-1800370.5756107345,-1547769.0418220472,-1477202.3864190811,-1449534.2965579345,-1474983.8884879274,-1517340.1615831354,-1530280.7703421782,115481.47935649511,184
3.7604700088500977,0.528959272347746,0.0016827344894409179,0.000890773900406388,identity,1.0,"(20, 20, 50)","{'activation': 'identity', 'alpha': 1.0, 'hidden_layer_sizes': (20, 20, 50)}",-1369487.1611132964,-1505697.55533628,-1669928.02573568,-1490494.1502399114,-1800375.14744313,-1547770.375202238,-1477201.0998293976,-1449534.4140158833,-1474984.4160471458,-1517340.405500928,-1530281.275046389,115482.75821368583,185
3.8126477003097534,0.7273177994090586,0.0017740726470947266,0.0008556514233062672,identity,0.1,"(20, 20, 50)","{'activation': 'identity', 'alpha': 0.1, 'hidden_layer_sizes': (20, 20, 50)}",-1369487.0690131586,-1505697.611836612,-1669928.0557806385,-1490494.1097366451,-1800375.6046728247,-1547770.5085662422,-1477200.9711642577,-1449534.42576953,-1474984.4688130163,-1517340.429905314,-1530281.325525824,115482.88611299466,186
3.8605037212371824,0.6029620947493798,0.0017824649810791015,0.001058219915522591,identity,0.01,"(20, 20, 50)","{'activation': 'identity', 'alpha': 0.01, 'hidden_layer_sizes': (20, 20, 50)}",-1369487.0598029816,-1505697.6174866783,-1669928.058785186,-1490494.1056863305,-1800375.650396258,-1547770.521902902,-1477200.9582976818,-1449534.4269449736,-1474984.4740897026,-1517340.4323458788,-1530281.3305738573,115482.89890306043,187
3.8447505235671997,0.6477165375771979,0.0014452695846557616,0.00013047163262079237,identity,0.001,"(20, 20, 50)","{'activation': 'identity', 'alpha': 0.001, 'hidden_layer_sizes': (20, 20, 50)}",-1369487.0588819617,-1505697.6180516854,-1669928.059085641,-1490494.1052812992,-1800375.6549686054,-1547770.523236571,-1477200.9570110238,-1449534.4270625182,-1474984.4746173723,-1517340.4325899365,-1530281.3310786616,115482.90018206826,188
3.8083096742630005,0.5041023981725778,0.0021134138107299803,0.002104228943779066,identity,0.0001,"(20, 20, 50)","{'activation': 'identity', 'alpha': 0.0001, 'hidden_layer_sizes': (20, 20, 50)}",-1369487.05878986,-1505697.618108186,-1669928.0591156872,-1490494.1052407958,-1800375.6554258405,-1547770.523369938,-1477200.9568823576,-1449534.427074273,-1474984.4746701391,-1517340.4326143423,-1530281.3311291419,115482.9003099692,189
3.4054500102996825,0.6076154853526449,0.001514577865600586,3.703112581354581e-05,identity,100,"(50, 20, 20)","{'activation': 'identity', 'alpha': 100, 'hidden_layer_sizes': (50, 20, 20)}",-1374698.952577933,-1513647.4792268514,-1676044.8729828482,-1485661.9842403422,-1801075.7968220701,-1539689.9735187818,-1500115.5657057266,-1440320.5310059867,-1473037.9628094025,-1515565.8225753491,-1531985.8941465293,115587.99073302395,190
3.3191271305084227,0.9551336160606307,0.0019475936889648438,0.0013091890249045562,identity,10,"(50, 20, 20)","{'activation': 'identity', 'alpha': 10, 'hidden_layer_sizes': (50, 20, 20)}",-1374688.838387336,-1513656.2185989863,-1676050.581110297,-1485657.098926052,-1801117.575496988,-1539703.9575886875,-1500103.775190554,-1440316.8764092585,-1473039.385236257,-1515560.987984593,-1531989.529492901,115600.5662216146,191
3.376733088493347,0.8616452197520036,0.0019308090209960937,0.0009337630105052717,identity,1.0,"(50, 20, 20)","{'activation': 'identity', 'alpha': 1.0, 'hidden_layer_sizes': (50, 20, 20)}",-1374687.8271752822,-1513657.0934283293,-1676051.152905632,-1485656.611912096,-1801121.7550157993,-1539705.3579838132,-1500102.5967025855,-1440316.51103963,-1473039.528416008,-1515560.5046320036,-1531989.8939211178,115601.82414597894,192
3.297447395324707,0.6585380440347057,0.0019912242889404295,0.0010507112071981844,identity,0.1,"(50, 20, 20)","{'activation': 'identity', 'alpha': 0.1, 'hidden_layer_sizes': (50, 20, 20)}",-1374687.7260539643,-1513657.180920144,-1676051.2100950638,-1485656.5632267164,-1801122.1729843777,-1539705.498043077,-1500102.4788580057,-1440316.474503562,-1473039.5427433858,-1515560.4562978158,-1531989.9303726112,115601.94994252332,193
3.3511016368865967,0.8996375722044513,0.0017848491668701171,0.000781865758827389,identity,0.01,"(50, 20, 20)","{'activation': 'identity', 'alpha': 0.01, 'hidden_layer_sizes': (50, 20, 20)}",-1374687.7159418308,-1513657.189669415,-1676051.215814106,-1485656.5583583391,-1801122.2147814026,-1539705.5120492007,-1500102.4670735905,-1440316.4708499645,-1473039.5441762174,-1515560.4514644078,-1531989.9340178475,115601.96252221888,194
3.3030401706695556,0.6311080805152206,0.002339339256286621,0.0016201232128115542,identity,0.001,"(50, 20, 20)","{'activation': 'identity', 'alpha': 0.001, 'hidden_layer_sizes': (50, 20, 20)}",-1374687.7149306175,-1513657.1905443424,-1676051.2163860113,-1485656.557871503,-1801122.2189611073,-1539705.5134498149,-1500102.4658951496,-1440316.4704846048,-1473039.5443195016,-1515560.450981067,-1531989.934382372,115601.96378018899,195
3.5271400213241577,1.0605154403662012,0.0015075922012329102,1.075637779103529e-05,identity,0.0001,"(50, 20, 20)","{'activation': 'identity', 'alpha': 0.0001, 'hidden_layer_sizes': (50, 20, 20)}",-1374687.7148294966,-1513657.190631835,-1676051.2164432018,-1485656.5578228198,-1801122.2193790772,-1539705.5135898765,-1500102.4657773054,-1440316.470448069,-1473039.54433383,-1515560.4509327332,-1531989.9344188245,115601.96390598577,196
